<?xml version="1.0" encoding="UTF-8"?>
<entity-mappings version="1.0" xmlns="http://java.sun.com/xml/ns/persistence/orm"
    xmlns:xsi="http://www.w3.org/2001/XMLSchema-instance"
    xsi:schemaLocation="http://java.sun.com/xml/ns/persistence/orm http://java.sun.com/xml/ns/persistence/orm_1_0.xsd">

    <named-query name="produto.todos">
        <query>SELECT a FROM PRODUTO a</query>
    </named-query>
    
    <named-query name="produto.ordNome">
        <query>SELECT a FROM PRODUTO a ORDER BY a.nome</query>
    </named-query>

    <named-query name="produto.porNome">
        <query>SELECT a FROM PRODUTO a where a.nome = :n ORDER BY a.nome</query>
    </named-query>
</entity-mappings>